"","ASV","Count","rel_abun","Family","Host","Total"
"Koa root.1","ASV1026",5,0.00740214366080417,"Archaeosporaceae","Koa root",261
"Koa root.2","ASV1037",4,0.00592171492864334,"Archaeosporaceae","Koa root",261
"Koa root.3","ASV1159",3,0.0044412861964825,"Archaeosporaceae","Koa root",261
"Koa root.4","ASV1171",7,0.0103630011251258,"Archaeosporaceae","Koa root",261
"Koa root.5","ASV1213",7,0.0103630011251258,"Archaeosporaceae","Koa root",261
"Koa root.6","ASV1229",1,0.00148042873216083,"Archaeosporaceae","Koa root",261
"Koa root.7","ASV1274",35,0.0518150056256292,"Archaeosporaceae","Koa root",261
"Koa root.8","ASV1299",3,0.0044412861964825,"Archaeosporaceae","Koa root",261
"Koa root.9","ASV1413",1,0.00148042873216083,"Glomeraceae","Koa root",261
"Koa root.10","ASV1418",1,0.00148042873216083,"Glomeraceae","Koa root",261
"Koa root.11","ASV1511",1,0.00148042873216083,"Glomeraceae","Koa root",261
"Koa root.12","ASV1596",3,0.0044412861964825,"Glomeraceae","Koa root",261
"Koa root.13","ASV1602",1,0.00148042873216083,"Glomeraceae","Koa root",261
"Koa root.14","ASV1611",4,0.00592171492864334,"Glomeraceae","Koa root",261
"Koa root.15","ASV1613",1,0.00148042873216083,"Glomeraceae","Koa root",261
"Koa root.16","ASV1633",1,0.00148042873216083,"Glomeraceae","Koa root",261
"Koa root.17","ASV1680",1,0.00148042873216083,"Glomeraceae","Koa root",261
"Koa root.18","ASV1683",1,0.00148042873216083,"Glomeraceae","Koa root",261
"Koa root.19","ASV1690",8,0.0118434298572867,"Glomeraceae","Koa root",261
"Koa root.20","ASV176",3,0.0044412861964825,"Glomeraceae","Koa root",261
"Koa root.21","ASV1771",4,0.00592171492864334,"Acaulosporaceae","Koa root",261
"Koa root.22","ASV1921",2,0.00296085746432167,"Acaulosporaceae","Koa root",261
"Koa root.23","ASV1938",25,0.0370107183040208,"Glomeraceae","Koa root",261
"Koa root.24","ASV1994",7,0.0103630011251258,"Glomeraceae","Koa root",261
"Koa root.25","ASV1995",4,0.00592171492864334,"Glomeraceae","Koa root",261
"Koa root.26","ASV2008",1,0.00148042873216083,"Glomeraceae","Koa root",261
"Koa root.27","ASV2023",2,0.00296085746432167,"Glomeraceae","Koa root",261
"Koa root.28","ASV2024",1,0.00148042873216083,"Glomeraceae","Koa root",261
"Koa root.29","ASV2034",1,0.00148042873216083,"Glomeraceae","Koa root",261
"Koa root.30","ASV2035",1,0.00148042873216083,"Glomeraceae","Koa root",261
"Koa root.31","ASV24",1,0.00148042873216083,"Glomeraceae","Koa root",261
"Koa root.32","ASV268",2,0.00296085746432167,"Glomeraceae","Koa root",261
"Koa root.33","ASV41",1,0.00148042873216083,"Glomeromycotina","Koa root",261
"Koa root.34","ASV426",2,0.00296085746432167,"Glomeraceae","Koa root",261
"Koa root.35","ASV459",3,0.0044412861964825,"Glomeromycotina","Koa root",261
"Koa root.36","ASV492",2,0.00296085746432167,"Glomeraceae","Koa root",261
"Koa root.37","ASV523",2,0.00296085746432167,"Glomeraceae","Koa root",261
"Koa root.38","ASV54",2,0.00296085746432167,"Archaeosporaceae","Koa root",261
"Koa root.39","ASV559",4,0.00592171492864334,"Glomeraceae","Koa root",261
"Koa root.40","ASV560",7,0.0103630011251258,"Glomeraceae","Koa root",261
"Koa root.41","ASV562",5,0.00740214366080417,"Glomeraceae","Koa root",261
"Koa root.42","ASV567",65,0.0962278675904542,"Paraglomeraceae","Koa root",261
"Koa root.43","ASV573",3,0.0044412861964825,"Archaeosporaceae","Koa root",261
"Koa root.44","ASV662",1,0.00148042873216083,"Archaeosporaceae","Koa root",261
"Koa root.45","ASV667",3,0.0044412861964825,"Archaeosporaceae","Koa root",261
"Koa root.46","ASV728",5,0.00740214366080417,"Ambisporaceae","Koa root",261
"Koa root.47","ASV737",4,0.00592171492864334,"Ambisporaceae","Koa root",261
"Koa root.48","ASV8",3,0.0044412861964825,"Glomeraceae","Koa root",261
"Koa root.49","ASV854",2,0.00296085746432167,"Ambisporaceae","Koa root",261
"Koa root.50","ASV858",4,0.00592171492864334,"Ambisporaceae","Koa root",261
"Koa root.51","ASV961",1,0.00148042873216083,"Claroideoglomeraceae","Koa root",261
"Olapa root.1","ASV1006",3,0.0044412861964825,"Claroideoglomeraceae","Olapa root",985
"Olapa root.2","ASV1009",8,0.0118434298572867,"Claroideoglomeraceae","Olapa root",985
"Olapa root.3","ASV1049",14,0.0207260022502517,"Archaeosporaceae","Olapa root",985
"Olapa root.4","ASV1067",1,0.00148042873216083,"Archaeosporaceae","Olapa root",985
"Olapa root.5","ASV1086",3,0.0044412861964825,"Archaeosporaceae","Olapa root",985
"Olapa root.6","ASV1089",3,0.0044412861964825,"Archaeosporaceae","Olapa root",985
"Olapa root.7","ASV1090",2,0.00296085746432167,"Archaeosporaceae","Olapa root",985
"Olapa root.8","ASV1093",1,0.00148042873216083,"Archaeosporaceae","Olapa root",985
"Olapa root.9","ASV1094",6,0.008882572392965,"Archaeosporaceae","Olapa root",985
"Olapa root.10","ASV1122",34,0.0503345768934683,"Archaeosporaceae","Olapa root",985
"Olapa root.11","ASV1124",1,0.00148042873216083,"Archaeosporaceae","Olapa root",985
"Olapa root.12","ASV1169",11,0.0162847160537692,"Archaeosporaceae","Olapa root",985
"Olapa root.13","ASV1178",4,0.00592171492864334,"Archaeosporaceae","Olapa root",985
"Olapa root.14","ASV1219",2,0.00296085746432167,"Archaeosporaceae","Olapa root",985
"Olapa root.15","ASV1237",45,0.0666192929472375,"Archaeosporaceae","Olapa root",985
"Olapa root.16","ASV1267",32,0.0473737194291467,"Archaeosporaceae","Olapa root",985
"Olapa root.17","ASV1307",3,0.0044412861964825,"Archaeosporaceae","Olapa root",985
"Olapa root.18","ASV1308",8,0.0118434298572867,"Archaeosporaceae","Olapa root",985
"Olapa root.19","ASV1331",3,0.0044412861964825,"Glomeraceae","Olapa root",985
"Olapa root.20","ASV1341",1,0.00148042873216083,"Glomeraceae","Olapa root",985
"Olapa root.21","ASV1379",9,0.0133238585894475,"Glomeraceae","Olapa root",985
"Olapa root.22","ASV1385",6,0.008882572392965,"Glomeraceae","Olapa root",985
"Olapa root.23","ASV1387",3,0.0044412861964825,"Glomeraceae","Olapa root",985
"Olapa root.24","ASV1405",13,0.0192455735180908,"Glomeraceae","Olapa root",985
"Olapa root.25","ASV1424",43,0.0636584354829158,"Glomeraceae","Olapa root",985
"Olapa root.26","ASV1448",16,0.0236868597145733,"Glomeraceae","Olapa root",985
"Olapa root.27","ASV1479",2,0.00296085746432167,"Glomeraceae","Olapa root",985
"Olapa root.28","ASV149",19,0.0281281459110558,"Glomeraceae","Olapa root",985
"Olapa root.29","ASV153",11,0.0162847160537692,"Glomeraceae","Olapa root",985
"Olapa root.30","ASV1532",97,0.143601587019601,"Glomeraceae","Olapa root",985
"Olapa root.31","ASV1547",2,0.00296085746432167,"Glomeraceae","Olapa root",985
"Olapa root.32","ASV1605",3,0.0044412861964825,"Glomeraceae","Olapa root",985
"Olapa root.33","ASV1621",1,0.00148042873216083,"Glomeraceae","Olapa root",985
"Olapa root.34","ASV1623",2,0.00296085746432167,"Glomeraceae","Olapa root",985
"Olapa root.35","ASV1701",12,0.01776514478593,"Glomeraceae","Olapa root",985
"Olapa root.36","ASV1897",1,0.00148042873216083,"Gigasporaceae","Olapa root",985
"Olapa root.37","ASV1929",1,0.00148042873216083,"Glomeraceae","Olapa root",985
"Olapa root.38","ASV1959",7,0.0103630011251258,"Glomeraceae","Olapa root",985
"Olapa root.39","ASV1980",1,0.00148042873216083,"Glomeraceae","Olapa root",985
"Olapa root.40","ASV1996",11,0.0162847160537692,"Glomeraceae","Olapa root",985
"Olapa root.41","ASV2003",3,0.0044412861964825,"Glomeraceae","Olapa root",985
"Olapa root.42","ASV218",4,0.00592171492864334,"Glomeromycotina","Olapa root",985
"Olapa root.43","ASV237",1,0.00148042873216083,"Archaeosporaceae","Olapa root",985
"Olapa root.44","ASV263",3,0.0044412861964825,"Archaeosporaceae","Olapa root",985
"Olapa root.45","ASV346",11,0.0162847160537692,"Paraglomeraceae","Olapa root",985
"Olapa root.46","ASV358",31,0.0458932906969858,"Glomeromycotina","Olapa root",985
"Olapa root.47","ASV362",20,0.0296085746432167,"Glomeromycotina","Olapa root",985
"Olapa root.48","ASV374",2,0.00296085746432167,"Glomeromycotina","Olapa root",985
"Olapa root.49","ASV389",2,0.00296085746432167,"Glomeromycotina","Olapa root",985
"Olapa root.50","ASV394",19,0.0281281459110558,"Glomeromycotina","Olapa root",985
"Olapa root.51","ASV397",38,0.0562562918221117,"Glomeromycotina","Olapa root",985
"Olapa root.52","ASV411",5,0.00740214366080417,"Acaulosporaceae","Olapa root",985
"Olapa root.53","ASV417",4,0.00592171492864334,"Glomeromycotina","Olapa root",985
"Olapa root.54","ASV432",3,0.0044412861964825,"Acaulosporaceae","Olapa root",985
"Olapa root.55","ASV466",1,0.00148042873216083,"Glomeromycotina","Olapa root",985
"Olapa root.56","ASV529",1,0.00148042873216083,"Ambisporaceae","Olapa root",985
"Olapa root.57","ASV554",15,0.0222064309824125,"Glomeraceae","Olapa root",985
"Olapa root.58","ASV555",2,0.00296085746432167,"Paraglomeraceae","Olapa root",985
"Olapa root.59","ASV556",215,0.318292177414579,"Glomeraceae","Olapa root",985
"Olapa root.60","ASV557",5,0.00740214366080417,"Glomeraceae","Olapa root",985
"Olapa root.61","ASV604",4,0.00592171492864334,"Archaeosporaceae","Olapa root",985
"Olapa root.62","ASV606",1,0.00148042873216083,"Archaeosporaceae","Olapa root",985
"Olapa root.63","ASV64",3,0.0044412861964825,"Paraglomeraceae","Olapa root",985
"Olapa root.64","ASV659",1,0.00148042873216083,"Archaeosporaceae","Olapa root",985
"Olapa root.65","ASV665",2,0.00296085746432167,"Archaeosporaceae","Olapa root",985
"Olapa root.66","ASV679",1,0.00148042873216083,"Paraglomeraceae","Olapa root",985
"Olapa root.67","ASV70",9,0.0133238585894475,"Glomeraceae","Olapa root",985
"Olapa root.68","ASV701",7,0.0103630011251258,"Glomeraceae","Olapa root",985
"Olapa root.69","ASV702",2,0.00296085746432167,"Glomeraceae","Olapa root",985
"Olapa root.70","ASV703",3,0.0044412861964825,"Glomeraceae","Olapa root",985
"Olapa root.71","ASV719",5,0.00740214366080417,"Paraglomeraceae","Olapa root",985
"Olapa root.72","ASV754",7,0.0103630011251258,"Ambisporaceae","Olapa root",985
"Olapa root.73","ASV783",7,0.0103630011251258,"Ambisporaceae","Olapa root",985
"Olapa root.74","ASV788",8,0.0118434298572867,"Ambisporaceae","Olapa root",985
"Olapa root.75","ASV793",4,0.00592171492864334,"Paraglomeraceae","Olapa root",985
"Olapa root.76","ASV828",12,0.01776514478593,"Paraglomeraceae","Olapa root",985
"Olapa root.77","ASV839",4,0.00592171492864334,"Glomeraceae","Olapa root",985
"Olapa root.78","ASV868",3,0.0044412861964825,"Archaeosporaceae","Olapa root",985
"Olapa root.79","ASV914",21,0.0310890033753775,"Paraglomeraceae","Olapa root",985
"Olapa root.80","ASV941",7,0.0103630011251258,"Archaeosporaceae","Olapa root",985
"Olapa root.81","ASV942",13,0.0192455735180908,"Glomeraceae","Olapa root",985
"Olapa root.82","ASV963",23,0.0340498608396992,"Claroideoglomeraceae","Olapa root",985
"Olapa root.83","ASV973",8,0.0118434298572867,"Claroideoglomeraceae","Olapa root",985
"Grass root.1","ASV1002",1,0.00148042873216083,"Claroideoglomeraceae","Grass root",1028
"Grass root.2","ASV1019",3,0.0044412861964825,"Archaeosporaceae","Grass root",1028
"Grass root.3","ASV1054",1,0.00148042873216083,"Archaeosporaceae","Grass root",1028
"Grass root.4","ASV111",1,0.00148042873216083,"Glomeraceae","Grass root",1028
"Grass root.5","ASV1112",20,0.0296085746432167,"Archaeosporaceae","Grass root",1028
"Grass root.6","ASV1132",1,0.00148042873216083,"Archaeosporaceae","Grass root",1028
"Grass root.7","ASV1133",24,0.03553028957186,"Archaeosporaceae","Grass root",1028
"Grass root.8","ASV1191",13,0.0192455735180908,"Archaeosporaceae","Grass root",1028
"Grass root.9","ASV1205",65,0.0962278675904542,"Archaeosporaceae","Grass root",1028
"Grass root.10","ASV1216",12,0.01776514478593,"Archaeosporaceae","Grass root",1028
"Grass root.11","ASV1247",20,0.0296085746432167,"Archaeosporaceae","Grass root",1028
"Grass root.12","ASV1253",22,0.0325694321075383,"Archaeosporaceae","Grass root",1028
"Grass root.13","ASV1275",17,0.0251672884467342,"Archaeosporaceae","Grass root",1028
"Grass root.14","ASV1346",8,0.0118434298572867,"Glomeraceae","Grass root",1028
"Grass root.15","ASV1347",7,0.0103630011251258,"Glomeraceae","Grass root",1028
"Grass root.16","ASV1485",13,0.0192455735180908,"Glomeraceae","Grass root",1028
"Grass root.17","ASV1497",43,0.0636584354829158,"Glomeraceae","Grass root",1028
"Grass root.18","ASV1504",29,0.0429324332326642,"Glomeraceae","Grass root",1028
"Grass root.19","ASV1518",31,0.0458932906969858,"Glomeraceae","Grass root",1028
"Grass root.20","ASV1580",5,0.00740214366080417,"Glomeraceae","Grass root",1028
"Grass root.21","ASV1594",14,0.0207260022502517,"Glomeraceae","Grass root",1028
"Grass root.22","ASV1650",4,0.00592171492864334,"Glomeraceae","Grass root",1028
"Grass root.23","ASV1671",2,0.00296085746432167,"Glomeraceae","Grass root",1028
"Grass root.24","ASV1724",23,0.0340498608396992,"Acaulosporaceae","Grass root",1028
"Grass root.25","ASV1764",2,0.00296085746432167,"Acaulosporaceae","Grass root",1028
"Grass root.26","ASV1776",5,0.00740214366080417,"Acaulosporaceae","Grass root",1028
"Grass root.27","ASV1804",4,0.00592171492864334,"Acaulosporaceae","Grass root",1028
"Grass root.28","ASV1832",20,0.0296085746432167,"Acaulosporaceae","Grass root",1028
"Grass root.29","ASV1839",27,0.0399715757683425,"Acaulosporaceae","Grass root",1028
"Grass root.30","ASV1840",2,0.00296085746432167,"Acaulosporaceae","Grass root",1028
"Grass root.31","ASV1852",6,0.008882572392965,"Gigasporaceae","Grass root",1028
"Grass root.32","ASV1920",1,0.00148042873216083,"Diversisporaceae","Grass root",1028
"Grass root.33","ASV1935",19,0.0281281459110558,"Glomeraceae","Grass root",1028
"Grass root.34","ASV1975",20,0.0296085746432167,"Glomeraceae","Grass root",1028
"Grass root.35","ASV2014",6,0.008882572392965,"Glomeraceae","Grass root",1028
"Grass root.36","ASV2019",1,0.00148042873216083,"Glomeraceae","Grass root",1028
"Grass root.37","ASV2025",15,0.0222064309824125,"Glomeraceae","Grass root",1028
"Grass root.38","ASV2030",5,0.00740214366080417,"Glomeraceae","Grass root",1028
"Grass root.39","ASV2043",1,0.00148042873216083,"Glomeraceae","Grass root",1028
"Grass root.40","ASV2044",1,0.00148042873216083,"Glomeraceae","Grass root",1028
"Grass root.41","ASV2052",12,0.01776514478593,"Glomeraceae","Grass root",1028
"Grass root.42","ASV209",7,0.0103630011251258,"Glomeromycotina","Grass root",1028
"Grass root.43","ASV21",1,0.00148042873216083,"Glomeraceae","Grass root",1028
"Grass root.44","ASV298",1,0.00148042873216083,"Glomeromycotina","Grass root",1028
"Grass root.45","ASV328",1,0.00148042873216083,"Glomeromycotina","Grass root",1028
"Grass root.46","ASV332",3,0.0044412861964825,"Glomeromycotina","Grass root",1028
"Grass root.47","ASV334",11,0.0162847160537692,"Glomeromycotina","Grass root",1028
"Grass root.48","ASV342",6,0.008882572392965,"Glomeraceae","Grass root",1028
"Grass root.49","ASV343",2,0.00296085746432167,"Glomeraceae","Grass root",1028
"Grass root.50","ASV344",5,0.00740214366080417,"Glomeromycotina","Grass root",1028
"Grass root.51","ASV4",11,0.0162847160537692,"Archaeosporaceae","Grass root",1028
"Grass root.52","ASV400",7,0.0103630011251258,"Glomeromycotina","Grass root",1028
"Grass root.53","ASV450",2,0.00296085746432167,"Glomeromycotina","Grass root",1028
"Grass root.54","ASV464",6,0.008882572392965,"Glomeromycotina","Grass root",1028
"Grass root.55","ASV477",11,0.0162847160537692,"Glomeromycotina","Grass root",1028
"Grass root.56","ASV482",2,0.00296085746432167,"Glomeraceae","Grass root",1028
"Grass root.57","ASV537",4,0.00592171492864334,"Glomeraceae","Grass root",1028
"Grass root.58","ASV541",1,0.00148042873216083,"Glomeromycotina","Grass root",1028
"Grass root.59","ASV544",104,0.153964588144727,"Glomeraceae","Grass root",1028
"Grass root.60","ASV547",10,0.0148042873216083,"Glomeraceae","Grass root",1028
"Grass root.61","ASV548",49,0.0725410078758808,"Glomeraceae","Grass root",1028
"Grass root.62","ASV549",17,0.0251672884467342,"Glomeraceae","Grass root",1028
"Grass root.63","ASV551",83,0.122875584769349,"Glomeraceae","Grass root",1028
"Grass root.64","ASV561",9,0.0133238585894475,"Glomeraceae","Grass root",1028
"Grass root.65","ASV586",3,0.0044412861964825,"Glomeraceae","Grass root",1028
"Grass root.66","ASV626",2,0.00296085746432167,"Archaeosporaceae","Grass root",1028
"Grass root.67","ASV653",5,0.00740214366080417,"Paraglomeraceae","Grass root",1028
"Grass root.68","ASV657",1,0.00148042873216083,"Archaeosporaceae","Grass root",1028
"Grass root.69","ASV69",2,0.00296085746432167,"Glomeraceae","Grass root",1028
"Grass root.70","ASV721",10,0.0148042873216083,"Ambisporaceae","Grass root",1028
"Grass root.71","ASV731",2,0.00296085746432167,"Ambisporaceae","Grass root",1028
"Grass root.72","ASV732",1,0.00148042873216083,"Ambisporaceae","Grass root",1028
"Grass root.73","ASV733",42,0.062178006750755,"Ambisporaceae","Grass root",1028
"Grass root.74","ASV734",9,0.0133238585894475,"Ambisporaceae","Grass root",1028
"Grass root.75","ASV740",3,0.0044412861964825,"Ambisporaceae","Grass root",1028
"Grass root.76","ASV744",11,0.0162847160537692,"Ambisporaceae","Grass root",1028
"Grass root.77","ASV790",5,0.00740214366080417,"Ambisporaceae","Grass root",1028
"Grass root.78","ASV805",13,0.0192455735180908,"Paraglomeraceae","Grass root",1028
"Grass root.79","ASV813",2,0.00296085746432167,"Paraglomeraceae","Grass root",1028
"Grass root.80","ASV823",2,0.00296085746432167,"Paraglomeraceae","Grass root",1028
"Grass root.81","ASV859",1,0.00148042873216083,"Paraglomeraceae","Grass root",1028
"Grass root.82","ASV86",8,0.0118434298572867,"Glomeraceae","Grass root",1028
"Grass root.83","ASV888",1,0.00148042873216083,"Ambisporaceae","Grass root",1028
"Grass root.84","ASV957",19,0.0281281459110558,"Claroideoglomeraceae","Grass root",1028
"Grass root.85","ASV982",7,0.0103630011251258,"Claroideoglomeraceae","Grass root",1028
"Ohia root.1","ASV1069",1,0.00148042873216083,"Archaeosporaceae","Ohia root",279
"Ohia root.2","ASV1109",1,0.00148042873216083,"Archaeosporaceae","Ohia root",279
"Ohia root.3","ASV1114",17,0.0251672884467342,"Archaeosporaceae","Ohia root",279
"Ohia root.4","ASV1276",6,0.008882572392965,"Archaeosporaceae","Ohia root",279
"Ohia root.5","ASV1288",1,0.00148042873216083,"Ambisporaceae","Ohia root",279
"Ohia root.6","ASV1332",6,0.008882572392965,"Glomeraceae","Ohia root",279
"Ohia root.7","ASV1343",2,0.00296085746432167,"Glomeraceae","Ohia root",279
"Ohia root.8","ASV1373",1,0.00148042873216083,"Glomeraceae","Ohia root",279
"Ohia root.9","ASV1378",5,0.00740214366080417,"Glomeraceae","Ohia root",279
"Ohia root.10","ASV1410",3,0.0044412861964825,"Glomeraceae","Ohia root",279
"Ohia root.11","ASV1467",2,0.00296085746432167,"Glomeraceae","Ohia root",279
"Ohia root.12","ASV1498",73,0.108071297447741,"Glomeraceae","Ohia root",279
"Ohia root.13","ASV150",8,0.0118434298572867,"Glomeraceae","Ohia root",279
"Ohia root.14","ASV1520",11,0.0162847160537692,"Glomeraceae","Ohia root",279
"Ohia root.15","ASV1538",7,0.0103630011251258,"Glomeraceae","Ohia root",279
"Ohia root.16","ASV1652",1,0.00148042873216083,"Glomeraceae","Ohia root",279
"Ohia root.17","ASV1661",5,0.00740214366080417,"Glomeraceae","Ohia root",279
"Ohia root.18","ASV168",3,0.0044412861964825,"Archaeosporaceae","Ohia root",279
"Ohia root.19","ASV1813",4,0.00592171492864334,"Acaulosporaceae","Ohia root",279
"Ohia root.20","ASV1853",2,0.00296085746432167,"Gigasporaceae","Ohia root",279
"Ohia root.21","ASV1928",3,0.0044412861964825,"Glomeraceae","Ohia root",279
"Ohia root.22","ASV1961",16,0.0236868597145733,"Glomeraceae","Ohia root",279
"Ohia root.23","ASV1972",1,0.00148042873216083,"Glomeraceae","Ohia root",279
"Ohia root.24","ASV2015",2,0.00296085746432167,"Glomeraceae","Ohia root",279
"Ohia root.25","ASV2027",1,0.00148042873216083,"Glomeraceae","Ohia root",279
"Ohia root.26","ASV2041",1,0.00148042873216083,"Acaulosporaceae","Ohia root",279
"Ohia root.27","ASV305",1,0.00148042873216083,"Glomeromycotina","Ohia root",279
"Ohia root.28","ASV315",1,0.00148042873216083,"Gigasporaceae","Ohia root",279
"Ohia root.29","ASV316",2,0.00296085746432167,"Gigasporaceae","Ohia root",279
"Ohia root.30","ASV318",1,0.00148042873216083,"Gigasporaceae","Ohia root",279
"Ohia root.31","ASV325",1,0.00148042873216083,"Archaeosporaceae","Ohia root",279
"Ohia root.32","ASV336",1,0.00148042873216083,"Glomeraceae","Ohia root",279
"Ohia root.33","ASV338",1,0.00148042873216083,"Glomeraceae","Ohia root",279
"Ohia root.34","ASV348",22,0.0325694321075383,"Glomeromycotina","Ohia root",279
"Ohia root.35","ASV395",14,0.0207260022502517,"Glomeromycotina","Ohia root",279
"Ohia root.36","ASV433",4,0.00592171492864334,"Acaulosporaceae","Ohia root",279
"Ohia root.37","ASV45",15,0.0222064309824125,"Glomeromycotina","Ohia root",279
"Ohia root.38","ASV478",5,0.00740214366080417,"Archaeosporaceae","Ohia root",279
"Ohia root.39","ASV588",3,0.0044412861964825,"Glomeromycotina","Ohia root",279
"Ohia root.40","ASV75",5,0.00740214366080417,"Paraglomeraceae","Ohia root",279
"Ohia root.41","ASV785",6,0.008882572392965,"Ambisporaceae","Ohia root",279
"Ohia root.42","ASV846",2,0.00296085746432167,"Paraglomeraceae","Ohia root",279
"Ohia root.43","ASV911",5,0.00740214366080417,"Paraglomeraceae","Ohia root",279
"Ohia root.44","ASV930",3,0.0044412861964825,"Archaeosporaceae","Ohia root",279
"Ohia root.45","ASV939",3,0.0044412861964825,"Archaeosporaceae","Ohia root",279
"Ohia root.46","ASV995",1,0.00148042873216083,"Claroideoglomeraceae","Ohia root",279
"Kolea root.1","ASV1000",1,0.001776514478593,"Claroideoglomeraceae","Kolea root",3691
"Kolea root.2","ASV1008",11,0.019541659264523,"Claroideoglomeraceae","Kolea root",3691
"Kolea root.3","ASV1010",56,0.099484810801208,"Claroideoglomeraceae","Kolea root",3691
"Kolea root.4","ASV1011",36,0.063954521229348,"Claroideoglomeraceae","Kolea root",3691
"Kolea root.5","ASV1012",5,0.008882572392965,"Claroideoglomeraceae","Kolea root",3691
"Kolea root.6","ASV1020",2,0.003553028957186,"Archaeosporaceae","Kolea root",3691
"Kolea root.7","ASV1021",35,0.062178006750755,"Archaeosporaceae","Kolea root",3691
"Kolea root.8","ASV1022",22,0.039083318529046,"Archaeosporaceae","Kolea root",3691
"Kolea root.9","ASV1024",35,0.062178006750755,"Archaeosporaceae","Kolea root",3691
"Kolea root.10","ASV1035",9,0.015988630307337,"Archaeosporaceae","Kolea root",3691
"Kolea root.11","ASV1058",1,0.001776514478593,"Archaeosporaceae","Kolea root",3691
"Kolea root.12","ASV1071",2,0.003553028957186,"Archaeosporaceae","Kolea root",3691
"Kolea root.13","ASV1072",1,0.001776514478593,"Archaeosporaceae","Kolea root",3691
"Kolea root.14","ASV1115",19,0.033753775093267,"Archaeosporaceae","Kolea root",3691
"Kolea root.15","ASV1117",10,0.01776514478593,"Archaeosporaceae","Kolea root",3691
"Kolea root.16","ASV1145",1,0.001776514478593,"Archaeosporaceae","Kolea root",3691
"Kolea root.17","ASV1148",1,0.001776514478593,"Archaeosporaceae","Kolea root",3691
"Kolea root.18","ASV1174",80,0.14212115828744,"Archaeosporaceae","Kolea root",3691
"Kolea root.19","ASV1179",50,0.08882572392965,"Archaeosporaceae","Kolea root",3691
"Kolea root.20","ASV1180",37,0.065731035707941,"Archaeosporaceae","Kolea root",3691
"Kolea root.21","ASV1188",37,0.065731035707941,"Archaeosporaceae","Kolea root",3691
"Kolea root.22","ASV1196",23,0.040859833007639,"Archaeosporaceae","Kolea root",3691
"Kolea root.23","ASV1200",18,0.031977260614674,"Archaeosporaceae","Kolea root",3691
"Kolea root.24","ASV1244",6,0.010659086871558,"Archaeosporaceae","Kolea root",3691
"Kolea root.25","ASV128",46,0.081719666015278,"Glomeraceae","Kolea root",3691
"Kolea root.26","ASV1282",29,0.051518919879197,"Archaeosporaceae","Kolea root",3691
"Kolea root.27","ASV1284",1,0.001776514478593,"Archaeosporaceae","Kolea root",3691
"Kolea root.28","ASV1292",2,0.003553028957186,"Ambisporaceae","Kolea root",3691
"Kolea root.29","ASV1345",9,0.015988630307337,"Glomeraceae","Kolea root",3691
"Kolea root.30","ASV1355",4,0.007106057914372,"Ambisporaceae","Kolea root",3691
"Kolea root.31","ASV1376",5,0.008882572392965,"Glomeraceae","Kolea root",3691
"Kolea root.32","ASV138",73,0.129685556937289,"Glomeraceae","Kolea root",3691
"Kolea root.33","ASV1380",1,0.001776514478593,"Glomeraceae","Kolea root",3691
"Kolea root.34","ASV1383",10,0.01776514478593,"Glomeraceae","Kolea root",3691
"Kolea root.35","ASV1407",6,0.010659086871558,"Glomeraceae","Kolea root",3691
"Kolea root.36","ASV1419",3,0.005329543435779,"Glomeraceae","Kolea root",3691
"Kolea root.37","ASV1431",9,0.015988630307337,"Glomeraceae","Kolea root",3691
"Kolea root.38","ASV1433",14,0.024871202700302,"Glomeraceae","Kolea root",3691
"Kolea root.39","ASV1434",7,0.012435601350151,"Glomeraceae","Kolea root",3691
"Kolea root.40","ASV1445",2,0.003553028957186,"Glomeraceae","Kolea root",3691
"Kolea root.41","ASV1449",12,0.021318173743116,"Glomeraceae","Kolea root",3691
"Kolea root.42","ASV1453",4,0.007106057914372,"Glomeraceae","Kolea root",3691
"Kolea root.43","ASV1455",38,0.067507550186534,"Glomeraceae","Kolea root",3691
"Kolea root.44","ASV1458",45,0.079943151536685,"Glomeraceae","Kolea root",3691
"Kolea root.45","ASV1464",8,0.014212115828744,"Glomeraceae","Kolea root",3691
"Kolea root.46","ASV1465",9,0.015988630307337,"Glomeraceae","Kolea root",3691
"Kolea root.47","ASV1478",4,0.007106057914372,"Glomeraceae","Kolea root",3691
"Kolea root.48","ASV1495",9,0.015988630307337,"Glomeraceae","Kolea root",3691
"Kolea root.49","ASV1496",5,0.008882572392965,"Glomeraceae","Kolea root",3691
"Kolea root.50","ASV1507",57,0.101261325279801,"Glomeraceae","Kolea root",3691
"Kolea root.51","ASV1522",11,0.019541659264523,"Glomeraceae","Kolea root",3691
"Kolea root.52","ASV1523",5,0.008882572392965,"Glomeraceae","Kolea root",3691
"Kolea root.53","ASV1524",10,0.01776514478593,"Glomeraceae","Kolea root",3691
"Kolea root.54","ASV1530",53,0.094155267365429,"Glomeraceae","Kolea root",3691
"Kolea root.55","ASV1537",40,0.07106057914372,"Glomeraceae","Kolea root",3691
"Kolea root.56","ASV1540",27,0.047965890922011,"Glomeraceae","Kolea root",3691
"Kolea root.57","ASV1559",18,0.031977260614674,"Glomeraceae","Kolea root",3691
"Kolea root.58","ASV1562",15,0.026647717178895,"Glomeraceae","Kolea root",3691
"Kolea root.59","ASV1568",12,0.021318173743116,"Glomeraceae","Kolea root",3691
"Kolea root.60","ASV1591",31,0.055071948836383,"Glomeraceae","Kolea root",3691
"Kolea root.61","ASV1608",3,0.005329543435779,"Glomeraceae","Kolea root",3691
"Kolea root.62","ASV1609",4,0.007106057914372,"Glomeraceae","Kolea root",3691
"Kolea root.63","ASV1630",34,0.060401492272162,"Glomeraceae","Kolea root",3691
"Kolea root.64","ASV1648",2,0.003553028957186,"Glomeraceae","Kolea root",3691
"Kolea root.65","ASV1670",3,0.005329543435779,"Glomeraceae","Kolea root",3691
"Kolea root.66","ASV1672",2,0.003553028957186,"Glomeraceae","Kolea root",3691
"Kolea root.67","ASV1685",6,0.010659086871558,"Glomeraceae","Kolea root",3691
"Kolea root.68","ASV1702",5,0.008882572392965,"Glomeraceae","Kolea root",3691
"Kolea root.69","ASV1729",5,0.008882572392965,"Acaulosporaceae","Kolea root",3691
"Kolea root.70","ASV1739",13,0.023094688221709,"Acaulosporaceae","Kolea root",3691
"Kolea root.71","ASV174",3,0.005329543435779,"Glomeraceae","Kolea root",3691
"Kolea root.72","ASV1754",3,0.005329543435779,"Acaulosporaceae","Kolea root",3691
"Kolea root.73","ASV1763",1,0.001776514478593,"Acaulosporaceae","Kolea root",3691
"Kolea root.74","ASV1808",4,0.007106057914372,"Acaulosporaceae","Kolea root",3691
"Kolea root.75","ASV1809",3,0.005329543435779,"Acaulosporaceae","Kolea root",3691
"Kolea root.76","ASV1814",2,0.003553028957186,"Acaulosporaceae","Kolea root",3691
"Kolea root.77","ASV1838",33,0.058624977793569,"Acaulosporaceae","Kolea root",3691
"Kolea root.78","ASV1867",10,0.01776514478593,"Gigasporaceae","Kolea root",3691
"Kolea root.79","ASV1886",5,0.008882572392965,"Gigasporaceae","Kolea root",3691
"Kolea root.80","ASV1887",4,0.007106057914372,"Gigasporaceae","Kolea root",3691
"Kolea root.81","ASV1944",76,0.135015100373068,"Glomeraceae","Kolea root",3691
"Kolea root.82","ASV1952",11,0.019541659264523,"Glomeraceae","Kolea root",3691
"Kolea root.83","ASV1954",38,0.067507550186534,"Glomeraceae","Kolea root",3691
"Kolea root.84","ASV1956",31,0.055071948836383,"Glomeraceae","Kolea root",3691
"Kolea root.85","ASV1958",38,0.067507550186534,"Glomeraceae","Kolea root",3691
"Kolea root.86","ASV1969",16,0.028424231657488,"Glomeraceae","Kolea root",3691
"Kolea root.87","ASV1970",13,0.023094688221709,"Glomeraceae","Kolea root",3691
"Kolea root.88","ASV1971",2,0.003553028957186,"Glomeraceae","Kolea root",3691
"Kolea root.89","ASV1976",5,0.008882572392965,"Glomeraceae","Kolea root",3691
"Kolea root.90","ASV1981",1,0.001776514478593,"Glomeraceae","Kolea root",3691
"Kolea root.91","ASV1983",5,0.008882572392965,"Glomeraceae","Kolea root",3691
"Kolea root.92","ASV1984",15,0.026647717178895,"Glomeraceae","Kolea root",3691
"Kolea root.93","ASV1988",5,0.008882572392965,"Glomeraceae","Kolea root",3691
"Kolea root.94","ASV1989",1,0.001776514478593,"Glomeraceae","Kolea root",3691
"Kolea root.95","ASV2022",1,0.001776514478593,"Glomeraceae","Kolea root",3691
"Kolea root.96","ASV2026",1,0.001776514478593,"Glomeraceae","Kolea root",3691
"Kolea root.97","ASV2029",6,0.010659086871558,"Glomeraceae","Kolea root",3691
"Kolea root.98","ASV2032",10,0.01776514478593,"Glomeraceae","Kolea root",3691
"Kolea root.99","ASV2056",35,0.062178006750755,"Glomeraceae","Kolea root",3691
"Kolea root.100","ASV2057",22,0.039083318529046,"Glomeraceae","Kolea root",3691
"Kolea root.101","ASV2059",32,0.056848463314976,"Glomeraceae","Kolea root",3691
"Kolea root.102","ASV206",83,0.147450701723219,"Glomeromycotina","Kolea root",3691
"Kolea root.103","ASV2061",37,0.065731035707941,"Glomeraceae","Kolea root",3691
"Kolea root.104","ASV2062",27,0.047965890922011,"Glomeraceae","Kolea root",3691
"Kolea root.105","ASV2065",64,0.113696926629952,"Glomeraceae","Kolea root",3691
"Kolea root.106","ASV2067",45,0.079943151536685,"Glomeraceae","Kolea root",3691
"Kolea root.107","ASV2071",62,0.110143897672766,"Glomeraceae","Kolea root",3691
"Kolea root.108","ASV2073",35,0.062178006750755,"Glomeraceae","Kolea root",3691
"Kolea root.109","ASV2075",57,0.101261325279801,"Glomeraceae","Kolea root",3691
"Kolea root.110","ASV210",3,0.005329543435779,"Glomeromycotina","Kolea root",3691
"Kolea root.111","ASV238",22,0.039083318529046,"Archaeosporaceae","Kolea root",3691
"Kolea root.112","ASV242",11,0.019541659264523,"Glomeraceae","Kolea root",3691
"Kolea root.113","ASV306",2,0.003553028957186,"Glomeromycotina","Kolea root",3691
"Kolea root.114","ASV308",1,0.001776514478593,"Glomeromycotina","Kolea root",3691
"Kolea root.115","ASV309",2,0.003553028957186,"Glomeromycotina","Kolea root",3691
"Kolea root.116","ASV310",2,0.003553028957186,"Glomeromycotina","Kolea root",3691
"Kolea root.117","ASV331",10,0.01776514478593,"Glomeromycotina","Kolea root",3691
"Kolea root.118","ASV333",1,0.001776514478593,"Glomeromycotina","Kolea root",3691
"Kolea root.119","ASV353",61,0.108367383194173,"Glomeromycotina","Kolea root",3691
"Kolea root.120","ASV354",11,0.019541659264523,"Glomeromycotina","Kolea root",3691
"Kolea root.121","ASV375",47,0.083496180493871,"Glomeromycotina","Kolea root",3691
"Kolea root.122","ASV384",44,0.078166637058092,"Glomeromycotina","Kolea root",3691
"Kolea root.123","ASV427",2,0.003553028957186,"Glomeraceae","Kolea root",3691
"Kolea root.124","ASV435",4,0.007106057914372,"Ambisporaceae","Kolea root",3691
"Kolea root.125","ASV436",2,0.003553028957186,"Ambisporaceae","Kolea root",3691
"Kolea root.126","ASV447",1,0.001776514478593,"Glomeromycotina","Kolea root",3691
"Kolea root.127","ASV452",8,0.014212115828744,"Glomeromycotina","Kolea root",3691
"Kolea root.128","ASV454",9,0.015988630307337,"Glomeromycotina","Kolea root",3691
"Kolea root.129","ASV468",2,0.003553028957186,"Glomeromycotina","Kolea root",3691
"Kolea root.130","ASV489",4,0.007106057914372,"Glomeromycotina","Kolea root",3691
"Kolea root.131","ASV50",5,0.008882572392965,"Glomeraceae","Kolea root",3691
"Kolea root.132","ASV502",5,0.008882572392965,"Glomeraceae","Kolea root",3691
"Kolea root.133","ASV503",9,0.015988630307337,"Glomeraceae","Kolea root",3691
"Kolea root.134","ASV505",1,0.001776514478593,"Glomeraceae","Kolea root",3691
"Kolea root.135","ASV506",18,0.031977260614674,"Glomeraceae","Kolea root",3691
"Kolea root.136","ASV507",568,1.00906022384082,"Glomeraceae","Kolea root",3691
"Kolea root.137","ASV52",1,0.001776514478593,"Archaeosporaceae","Kolea root",3691
"Kolea root.138","ASV533",9,0.015988630307337,"Glomeraceae","Kolea root",3691
"Kolea root.139","ASV539",20,0.03553028957186,"Glomeraceae","Kolea root",3691
"Kolea root.140","ASV543",7,0.012435601350151,"Glomeraceae","Kolea root",3691
"Kolea root.141","ASV546",11,0.019541659264523,"Glomeraceae","Kolea root",3691
"Kolea root.142","ASV552",6,0.010659086871558,"Glomeraceae","Kolea root",3691
"Kolea root.143","ASV553",36,0.063954521229348,"Glomeraceae","Kolea root",3691
"Kolea root.144","ASV584",3,0.005329543435779,"Glomeraceae","Kolea root",3691
"Kolea root.145","ASV593",5,0.008882572392965,"Glomeromycotina","Kolea root",3691
"Kolea root.146","ASV597",6,0.010659086871558,"Archaeosporaceae","Kolea root",3691
"Kolea root.147","ASV598",3,0.005329543435779,"Archaeosporaceae","Kolea root",3691
"Kolea root.148","ASV605",3,0.005329543435779,"Archaeosporaceae","Kolea root",3691
"Kolea root.149","ASV609",8,0.014212115828744,"Archaeosporaceae","Kolea root",3691
"Kolea root.150","ASV62",17,0.030200746136081,"Glomeraceae","Kolea root",3691
"Kolea root.151","ASV644",5,0.008882572392965,"Paraglomeraceae","Kolea root",3691
"Kolea root.152","ASV647",8,0.014212115828744,"Ambisporaceae","Kolea root",3691
"Kolea root.153","ASV654",6,0.010659086871558,"Paraglomeraceae","Kolea root",3691
"Kolea root.154","ASV670",3,0.005329543435779,"Archaeosporaceae","Kolea root",3691
"Kolea root.155","ASV676",2,0.003553028957186,"Paraglomeraceae","Kolea root",3691
"Kolea root.156","ASV678",31,0.055071948836383,"Ambisporaceae","Kolea root",3691
"Kolea root.157","ASV683",35,0.062178006750755,"Ambisporaceae","Kolea root",3691
"Kolea root.158","ASV705",18,0.031977260614674,"Glomeraceae","Kolea root",3691
"Kolea root.159","ASV708",2,0.003553028957186,"Archaeosporaceae","Kolea root",3691
"Kolea root.160","ASV710",6,0.010659086871558,"Paraglomeraceae","Kolea root",3691
"Kolea root.161","ASV722",9,0.015988630307337,"Ambisporaceae","Kolea root",3691
"Kolea root.162","ASV725",8,0.014212115828744,"Ambisporaceae","Kolea root",3691
"Kolea root.163","ASV726",8,0.014212115828744,"Ambisporaceae","Kolea root",3691
"Kolea root.164","ASV730",2,0.003553028957186,"Ambisporaceae","Kolea root",3691
"Kolea root.165","ASV739",12,0.021318173743116,"Ambisporaceae","Kolea root",3691
"Kolea root.166","ASV746",21,0.037306804050453,"Ambisporaceae","Kolea root",3691
"Kolea root.167","ASV749",18,0.031977260614674,"Ambisporaceae","Kolea root",3691
"Kolea root.168","ASV750",2,0.003553028957186,"Ambisporaceae","Kolea root",3691
"Kolea root.169","ASV767",6,0.010659086871558,"Ambisporaceae","Kolea root",3691
"Kolea root.170","ASV780",44,0.078166637058092,"Ambisporaceae","Kolea root",3691
"Kolea root.171","ASV781",8,0.014212115828744,"Ambisporaceae","Kolea root",3691
"Kolea root.172","ASV802",7,0.012435601350151,"Paraglomeraceae","Kolea root",3691
"Kolea root.173","ASV808",19,0.033753775093267,"Paraglomeraceae","Kolea root",3691
"Kolea root.174","ASV832",14,0.024871202700302,"Paraglomeraceae","Kolea root",3691
"Kolea root.175","ASV852",15,0.026647717178895,"Ambisporaceae","Kolea root",3691
"Kolea root.176","ASV899",39,0.069284064665127,"Paraglomeraceae","Kolea root",3691
"Kolea root.177","ASV908",28,0.049742405400604,"Paraglomeraceae","Kolea root",3691
"Kolea root.178","ASV910",23,0.040859833007639,"Paraglomeraceae","Kolea root",3691
"Kolea root.179","ASV915",54,0.095931781844022,"Paraglomeraceae","Kolea root",3691
"Kolea root.180","ASV919",7,0.012435601350151,"Paraglomeraceae","Kolea root",3691
"Kolea root.181","ASV929",5,0.008882572392965,"Archaeosporaceae","Kolea root",3691
"Kolea root.182","ASV970",5,0.008882572392965,"Claroideoglomeraceae","Kolea root",3691
"Kolea root.183","ASV974",24,0.042636347486232,"Claroideoglomeraceae","Kolea root",3691
"Kolea root.184","ASV977",24,0.042636347486232,"Claroideoglomeraceae","Kolea root",3691
"Kolea root.185","ASV978",58,0.103037839758394,"Claroideoglomeraceae","Kolea root",3691
"Kolea root.186","ASV996",34,0.060401492272162,"Claroideoglomeraceae","Kolea root",3691
"Kolea root.187","ASV997",40,0.07106057914372,"Claroideoglomeraceae","Kolea root",3691
"Akala root.1","ASV1001",1,0.00148042873216083,"Claroideoglomeraceae","Akala root",407
"Akala root.2","ASV1077",1,0.00148042873216083,"Archaeosporaceae","Akala root",407
"Akala root.3","ASV1123",5,0.00740214366080417,"Archaeosporaceae","Akala root",407
"Akala root.4","ASV1137",4,0.00592171492864334,"Archaeosporaceae","Akala root",407
"Akala root.5","ASV1151",1,0.00148042873216083,"Archaeosporaceae","Akala root",407
"Akala root.6","ASV1161",2,0.00296085746432167,"Archaeosporaceae","Akala root",407
"Akala root.7","ASV1162",6,0.008882572392965,"Archaeosporaceae","Akala root",407
"Akala root.8","ASV1214",5,0.00740214366080417,"Archaeosporaceae","Akala root",407
"Akala root.9","ASV1227",1,0.00148042873216083,"Archaeosporaceae","Akala root",407
"Akala root.10","ASV1255",18,0.026647717178895,"Archaeosporaceae","Akala root",407
"Akala root.11","ASV1270",5,0.00740214366080417,"Archaeosporaceae","Akala root",407
"Akala root.12","ASV1294",1,0.00148042873216083,"Glomeraceae","Akala root",407
"Akala root.13","ASV1295",1,0.00148042873216083,"Glomeraceae","Akala root",407
"Akala root.14","ASV1320",6,0.008882572392965,"Archaeosporaceae","Akala root",407
"Akala root.15","ASV1364",14,0.0207260022502517,"Glomeromycotina","Akala root",407
"Akala root.16","ASV1381",8,0.0118434298572867,"Glomeraceae","Akala root",407
"Akala root.17","ASV1432",5,0.00740214366080417,"Glomeraceae","Akala root",407
"Akala root.18","ASV1454",15,0.0222064309824125,"Glomeraceae","Akala root",407
"Akala root.19","ASV1456",10,0.0148042873216083,"Glomeraceae","Akala root",407
"Akala root.20","ASV1466",3,0.0044412861964825,"Glomeraceae","Akala root",407
"Akala root.21","ASV1480",28,0.0414520045005033,"Glomeraceae","Akala root",407
"Akala root.22","ASV1490",23,0.0340498608396992,"Glomeraceae","Akala root",407
"Akala root.23","ASV1493",61,0.0903061526618109,"Glomeraceae","Akala root",407
"Akala root.24","ASV1556",29,0.0429324332326642,"Glomeraceae","Akala root",407
"Akala root.25","ASV1570",3,0.0044412861964825,"Glomeraceae","Akala root",407
"Akala root.26","ASV16",9,0.0133238585894475,"Glomeromycotina","Akala root",407
"Akala root.27","ASV1692",14,0.0207260022502517,"Glomeraceae","Akala root",407
"Akala root.28","ASV17",1,0.00148042873216083,"Paraglomeraceae","Akala root",407
"Akala root.29","ASV1723",1,0.00148042873216083,"Acaulosporaceae","Akala root",407
"Akala root.30","ASV1732",3,0.0044412861964825,"Acaulosporaceae","Akala root",407
"Akala root.31","ASV1755",1,0.00148042873216083,"Acaulosporaceae","Akala root",407
"Akala root.32","ASV1820",8,0.0118434298572867,"Acaulosporaceae","Akala root",407
"Akala root.33","ASV1827",4,0.00592171492864334,"Acaulosporaceae","Akala root",407
"Akala root.34","ASV185",2,0.00296085746432167,"Paraglomeraceae","Akala root",407
"Akala root.35","ASV1882",7,0.0103630011251258,"Gigasporaceae","Akala root",407
"Akala root.36","ASV1885",1,0.00148042873216083,"Gigasporaceae","Akala root",407
"Akala root.37","ASV1888",4,0.00592171492864334,"Gigasporaceae","Akala root",407
"Akala root.38","ASV1915",19,0.0281281459110558,"Diversisporaceae","Akala root",407
"Akala root.39","ASV1964",1,0.00148042873216083,"Glomeraceae","Akala root",407
"Akala root.40","ASV1982",5,0.00740214366080417,"Glomeraceae","Akala root",407
"Akala root.41","ASV199",2,0.00296085746432167,"Glomeromycotina","Akala root",407
"Akala root.42","ASV1990",1,0.00148042873216083,"Glomeraceae","Akala root",407
"Akala root.43","ASV2",2,0.00296085746432167,"Glomeromycotina","Akala root",407
"Akala root.44","ASV2005",2,0.00296085746432167,"Glomeraceae","Akala root",407
"Akala root.45","ASV2006",1,0.00148042873216083,"Glomeraceae","Akala root",407
"Akala root.46","ASV2036",1,0.00148042873216083,"Glomeraceae","Akala root",407
"Akala root.47","ASV212",2,0.00296085746432167,"Glomeromycotina","Akala root",407
"Akala root.48","ASV381",1,0.00148042873216083,"Glomeromycotina","Akala root",407
"Akala root.49","ASV408",2,0.00296085746432167,"Acaulosporaceae","Akala root",407
"Akala root.50","ASV410",1,0.00148042873216083,"Acaulosporaceae","Akala root",407
"Akala root.51","ASV420",1,0.00148042873216083,"Glomeromycotina","Akala root",407
"Akala root.52","ASV428",2,0.00296085746432167,"Glomeraceae","Akala root",407
"Akala root.53","ASV439",2,0.00296085746432167,"Glomeromycotina","Akala root",407
"Akala root.54","ASV524",1,0.00148042873216083,"Glomeraceae","Akala root",407
"Akala root.55","ASV570",2,0.00296085746432167,"Glomeraceae","Akala root",407
"Akala root.56","ASV589",1,0.00148042873216083,"Glomeromycotina","Akala root",407
"Akala root.57","ASV610",3,0.0044412861964825,"Archaeosporaceae","Akala root",407
"Akala root.58","ASV634",6,0.008882572392965,"Archaeosporaceae","Akala root",407
"Akala root.59","ASV685",1,0.00148042873216083,"Ambisporaceae","Akala root",407
"Akala root.60","ASV686",2,0.00296085746432167,"Ambisporaceae","Akala root",407
"Akala root.61","ASV695",3,0.0044412861964825,"Paraglomeraceae","Akala root",407
"Akala root.62","ASV700",2,0.00296085746432167,"Glomeraceae","Akala root",407
"Akala root.63","ASV718",1,0.00148042873216083,"Paraglomeraceae","Akala root",407
"Akala root.64","ASV720",3,0.0044412861964825,"Ambisporaceae","Akala root",407
"Akala root.65","ASV795",3,0.0044412861964825,"Ambisporaceae","Akala root",407
"Akala root.66","ASV800",1,0.00148042873216083,"Paraglomeraceae","Akala root",407
"Akala root.67","ASV9",1,0.00148042873216083,"Glomeraceae","Akala root",407
"Akala root.68","ASV916",8,0.0118434298572867,"Paraglomeraceae","Akala root",407
"Akala root.69","ASV951",4,0.00592171492864334,"Claroideoglomeraceae","Akala root",407
"Akala root.70","ASV955",2,0.00296085746432167,"Claroideoglomeraceae","Akala root",407
"Akala root.71","ASV962",4,0.00592171492864334,"Claroideoglomeraceae","Akala root",407
"Akala root.72","ASV987",1,0.00148042873216083,"Claroideoglomeraceae","Akala root",407
"Akala root.73","ASV988",2,0.00296085746432167,"Claroideoglomeraceae","Akala root",407
"Soil.1","ASV101",6,0.00132259095568218,"Glomeraceae","Soil",13143
"Soil.2","ASV102",26,0.00573122747462279,"Glomeraceae","Soil",13143
"Soil.3","ASV104",9,0.00198388643352327,"Glomeraceae","Soil",13143
"Soil.4","ASV1040",166,0.036591683107207,"Archaeosporaceae","Soil",13143
"Soil.5","ASV1042",51,0.0112420231232985,"Archaeosporaceae","Soil",13143
"Soil.6","ASV1045",53,0.0116828867751926,"Archaeosporaceae","Soil",13143
"Soil.7","ASV1046",15,0.00330647738920545,"Archaeosporaceae","Soil",13143
"Soil.8","ASV1048",3,0.000661295477841091,"Archaeosporaceae","Soil",13143
"Soil.9","ASV105",2,0.00044086365189406,"Glomeraceae","Soil",13143
"Soil.10","ASV1055",3,0.000661295477841091,"Archaeosporaceae","Soil",13143
"Soil.11","ASV106",2,0.00044086365189406,"Glomeraceae","Soil",13143
"Soil.12","ASV1068",8,0.00176345460757624,"Archaeosporaceae","Soil",13143
"Soil.13","ASV1073",2,0.00044086365189406,"Archaeosporaceae","Soil",13143
"Soil.14","ASV108",3,0.000661295477841091,"Archaeosporaceae","Soil",13143
"Soil.15","ASV1088",3,0.000661295477841091,"Archaeosporaceae","Soil",13143
"Soil.16","ASV1097",151,0.0332852057180016,"Archaeosporaceae","Soil",13143
"Soil.17","ASV1099",35,0.00771511390814606,"Archaeosporaceae","Soil",13143
"Soil.18","ASV1104",143,0.0315217511104253,"Archaeosporaceae","Soil",13143
"Soil.19","ASV1113",1,0.00022043182594703,"Archaeosporaceae","Soil",13143
"Soil.20","ASV1116",26,0.00573122747462279,"Archaeosporaceae","Soil",13143
"Soil.21","ASV1119",1,0.00022043182594703,"Archaeosporaceae","Soil",13143
"Soil.22","ASV1120",36,0.00793554573409309,"Archaeosporaceae","Soil",13143
"Soil.23","ASV1126",6,0.00132259095568218,"Archaeosporaceae","Soil",13143
"Soil.24","ASV113",19,0.00418820469299357,"Glomeraceae","Soil",13143
"Soil.25","ASV1130",15,0.00330647738920545,"Archaeosporaceae","Soil",13143
"Soil.26","ASV1134",71,0.0156506596422391,"Archaeosporaceae","Soil",13143
"Soil.27","ASV1139",3,0.000661295477841091,"Archaeosporaceae","Soil",13143
"Soil.28","ASV1153",108,0.0238066372022793,"Archaeosporaceae","Soil",13143
"Soil.29","ASV1160",151,0.0332852057180016,"Archaeosporaceae","Soil",13143
"Soil.30","ASV1166",38,0.00837640938598715,"Archaeosporaceae","Soil",13143
"Soil.31","ASV1167",82,0.0180754097276565,"Archaeosporaceae","Soil",13143
"Soil.32","ASV1168",28,0.00617209112651685,"Archaeosporaceae","Soil",13143
"Soil.33","ASV118",3,0.000661295477841091,"Archaeosporaceae","Soil",13143
"Soil.34","ASV1194",50,0.0110215912973515,"Archaeosporaceae","Soil",13143
"Soil.35","ASV1210",6,0.00132259095568218,"Archaeosporaceae","Soil",13143
"Soil.36","ASV1220",129,0.0284357055471669,"Archaeosporaceae","Soil",13143
"Soil.37","ASV1221",18,0.00396777286704654,"Archaeosporaceae","Soil",13143
"Soil.38","ASV1222",27,0.00595165930056982,"Archaeosporaceae","Soil",13143
"Soil.39","ASV1224",21,0.00462906834488764,"Archaeosporaceae","Soil",13143
"Soil.40","ASV123",13,0.00286561373731139,"Glomeraceae","Soil",13143
"Soil.41","ASV1230",9,0.00198388643352327,"Archaeosporaceae","Soil",13143
"Soil.42","ASV1234",56,0.0123441822530337,"Archaeosporaceae","Soil",13143
"Soil.43","ASV1235",166,0.036591683107207,"Archaeosporaceae","Soil",13143
"Soil.44","ASV1236",35,0.00771511390814606,"Archaeosporaceae","Soil",13143
"Soil.45","ASV124",11,0.00242475008541733,"Glomeraceae","Soil",13143
"Soil.46","ASV1251",115,0.0253496599839085,"Archaeosporaceae","Soil",13143
"Soil.47","ASV1258",41,0.00903770486382824,"Archaeosporaceae","Soil",13143
"Soil.48","ASV1262",28,0.00617209112651685,"Archaeosporaceae","Soil",13143
"Soil.49","ASV1277",31,0.00683338660435794,"Archaeosporaceae","Soil",13143
"Soil.50","ASV1278",150,0.0330647738920545,"Archaeosporaceae","Soil",13143
"Soil.51","ASV1291",13,0.00286561373731139,"Paraglomeraceae","Soil",13143
"Soil.52","ASV130",6,0.00132259095568218,"Glomeraceae","Soil",13143
"Soil.53","ASV1339",3,0.000661295477841091,"Claroideoglomeraceae","Soil",13143
"Soil.54","ASV1348",13,0.00286561373731139,"Glomeraceae","Soil",13143
"Soil.55","ASV1349",12,0.00264518191136436,"Glomeraceae","Soil",13143
"Soil.56","ASV1350",10,0.0022043182594703,"Glomeraceae","Soil",13143
"Soil.57","ASV1353",11,0.00242475008541733,"Glomeraceae","Soil",13143
"Soil.58","ASV1366",177,0.0390164331926244,"Glomeraceae","Soil",13143
"Soil.59","ASV1374",78,0.0171936824238684,"Acaulosporaceae","Soil",13143
"Soil.60","ASV1375",36,0.00793554573409309,"Glomeraceae","Soil",13143
"Soil.61","ASV1394",589,0.129834345482801,"Glomeraceae","Soil",13143
"Soil.62","ASV1399",110,0.0242475008541733,"Glomeraceae","Soil",13143
"Soil.63","ASV140",13,0.00286561373731139,"Glomeraceae","Soil",13143
"Soil.64","ASV1401",27,0.00595165930056982,"Glomeraceae","Soil",13143
"Soil.65","ASV1409",3,0.000661295477841091,"Glomeraceae","Soil",13143
"Soil.66","ASV1422",278,0.0612800476132744,"Glomeraceae","Soil",13143
"Soil.67","ASV1429",222,0.0489358653602407,"Glomeraceae","Soil",13143
"Soil.68","ASV1489",40,0.00881727303788121,"Glomeraceae","Soil",13143
"Soil.69","ASV1533",32,0.00705381843030497,"Glomeraceae","Soil",13143
"Soil.70","ASV155",35,0.00771511390814606,"Glomeraceae","Soil",13143
"Soil.71","ASV1552",167,0.036812114933154,"Glomeraceae","Soil",13143
"Soil.72","ASV1612",3,0.000661295477841091,"Glomeraceae","Soil",13143
"Soil.73","ASV1618",2,0.00044086365189406,"Glomeraceae","Soil",13143
"Soil.74","ASV1628",3,0.000661295477841091,"Glomeraceae","Soil",13143
"Soil.75","ASV1629",4,0.000881727303788121,"Glomeraceae","Soil",13143
"Soil.76","ASV1634",6,0.00132259095568218,"Glomeraceae","Soil",13143
"Soil.77","ASV1666",16,0.00352690921515248,"Glomeraceae","Soil",13143
"Soil.78","ASV167",31,0.00683338660435794,"Glomeromycotina","Soil",13143
"Soil.79","ASV1686",4,0.000881727303788121,"Glomeraceae","Soil",13143
"Soil.80","ASV169",9,0.00198388643352327,"Archaeosporaceae","Soil",13143
"Soil.81","ASV1726",124,0.0273335464174318,"Acaulosporaceae","Soil",13143
"Soil.82","ASV1727",123,0.0271131145914847,"Acaulosporaceae","Soil",13143
"Soil.83","ASV1731",149,0.0328443420661075,"Acaulosporaceae","Soil",13143
"Soil.84","ASV1748",14,0.00308604556325842,"Acaulosporaceae","Soil",13143
"Soil.85","ASV1753",4,0.000881727303788121,"Acaulosporaceae","Soil",13143
"Soil.86","ASV1758",8,0.00176345460757624,"Acaulosporaceae","Soil",13143
"Soil.87","ASV1760",14,0.00308604556325842,"Acaulosporaceae","Soil",13143
"Soil.88","ASV1766",4,0.000881727303788121,"Acaulosporaceae","Soil",13143
"Soil.89","ASV1769",4,0.000881727303788121,"Acaulosporaceae","Soil",13143
"Soil.90","ASV177",9,0.00198388643352327,"Glomeraceae","Soil",13143
"Soil.91","ASV1772",4,0.000881727303788121,"Acaulosporaceae","Soil",13143
"Soil.92","ASV1775",2,0.00044086365189406,"Acaulosporaceae","Soil",13143
"Soil.93","ASV1779",23,0.0050699319967817,"Acaulosporaceae","Soil",13143
"Soil.94","ASV178",9,0.00198388643352327,"Glomeraceae","Soil",13143
"Soil.95","ASV1781",3,0.000661295477841091,"Acaulosporaceae","Soil",13143
"Soil.96","ASV1782",12,0.00264518191136436,"Acaulosporaceae","Soil",13143
"Soil.97","ASV1787",22,0.00484950017083466,"Acaulosporaceae","Soil",13143
"Soil.98","ASV1789",12,0.00264518191136436,"Acaulosporaceae","Soil",13143
"Soil.99","ASV1792",47,0.0103602958195104,"Acaulosporaceae","Soil",13143
"Soil.100","ASV1798",28,0.00617209112651685,"Acaulosporaceae","Soil",13143
"Soil.101","ASV180",21,0.00462906834488764,"Paraglomeraceae","Soil",13143
"Soil.102","ASV1802",131,0.028876569199061,"Acaulosporaceae","Soil",13143
"Soil.103","ASV1803",80,0.0176345460757624,"Acaulosporaceae","Soil",13143
"Soil.104","ASV1807",11,0.00242475008541733,"Acaulosporaceae","Soil",13143
"Soil.105","ASV1810",10,0.0022043182594703,"Acaulosporaceae","Soil",13143
"Soil.106","ASV1819",8,0.00176345460757624,"Acaulosporaceae","Soil",13143
"Soil.107","ASV1821",42,0.00925813668977527,"Acaulosporaceae","Soil",13143
"Soil.108","ASV1825",19,0.00418820469299357,"Acaulosporaceae","Soil",13143
"Soil.109","ASV1826",10,0.0022043182594703,"Acaulosporaceae","Soil",13143
"Soil.110","ASV1829",39,0.00859684121193418,"Acaulosporaceae","Soil",13143
"Soil.111","ASV1833",6,0.00132259095568218,"Acaulosporaceae","Soil",13143
"Soil.112","ASV1841",14,0.00308604556325842,"Acaulosporaceae","Soil",13143
"Soil.113","ASV1842",18,0.00396777286704654,"Acaulosporaceae","Soil",13143
"Soil.114","ASV1849",98,0.021602318942809,"Gigasporaceae","Soil",13143
"Soil.115","ASV1851",108,0.0238066372022793,"Gigasporaceae","Soil",13143
"Soil.116","ASV1857",3,0.000661295477841091,"Gigasporaceae","Soil",13143
"Soil.117","ASV1858",53,0.0116828867751926,"Gigasporaceae","Soil",13143
"Soil.118","ASV1860",13,0.00286561373731139,"Gigasporaceae","Soil",13143
"Soil.119","ASV1865",22,0.00484950017083466,"Gigasporaceae","Soil",13143
"Soil.120","ASV1881",32,0.00705381843030497,"Gigasporaceae","Soil",13143
"Soil.121","ASV1896",17,0.00374734104109951,"Gigasporaceae","Soil",13143
"Soil.122","ASV1898",307,0.0676725705657383,"Gigasporaceae","Soil",13143
"Soil.123","ASV1906",20,0.0044086365189406,"Diversisporaceae","Soil",13143
"Soil.124","ASV1909",21,0.00462906834488764,"Diversisporaceae","Soil",13143
"Soil.125","ASV191",1,0.00022043182594703,"Glomeraceae","Soil",13143
"Soil.126","ASV1911",18,0.00396777286704654,"Diversisporaceae","Soil",13143
"Soil.127","ASV1914",210,0.0462906834488763,"Diversisporaceae","Soil",13143
"Soil.128","ASV1918",51,0.0112420231232985,"Diversisporaceae","Soil",13143
"Soil.129","ASV1926",72,0.0158710914681862,"Glomeraceae","Soil",13143
"Soil.130","ASV1927",105,0.0231453417244382,"Glomeraceae","Soil",13143
"Soil.131","ASV1933",344,0.0758285481257784,"Glomeraceae","Soil",13143
"Soil.132","ASV1936",100,0.022043182594703,"Glomeraceae","Soil",13143
"Soil.133","ASV1949",330,0.07274250256252,"Glomeraceae","Soil",13143
"Soil.134","ASV195",4,0.000881727303788121,"Archaeosporaceae","Soil",13143
"Soil.135","ASV1951",100,0.022043182594703,"Glomeraceae","Soil",13143
"Soil.136","ASV197",2,0.00044086365189406,"Glomeraceae","Soil",13143
"Soil.137","ASV2011",2,0.00044086365189406,"Glomeraceae","Soil",13143
"Soil.138","ASV2012",4,0.000881727303788121,"Glomeraceae","Soil",13143
"Soil.139","ASV2013",4,0.000881727303788121,"Glomeraceae","Soil",13143
"Soil.140","ASV2018",8,0.00176345460757624,"Glomeraceae","Soil",13143
"Soil.141","ASV2046",375,0.0826619347301363,"Glomeraceae","Soil",13143
"Soil.142","ASV2048",100,0.022043182594703,"Glomeraceae","Soil",13143
"Soil.143","ASV2050",181,0.0398981604964125,"Glomeraceae","Soil",13143
"Soil.144","ASV2051",116,0.0255700918098555,"Glomeraceae","Soil",13143
"Soil.145","ASV221",14,0.00308604556325842,"Glomeromycotina","Soil",13143
"Soil.146","ASV224",25,0.00551079564867576,"Archaeosporaceae","Soil",13143
"Soil.147","ASV228",7,0.00154302278162921,"Archaeosporaceae","Soil",13143
"Soil.148","ASV239",48,0.0105807276454575,"Glomeraceae","Soil",13143
"Soil.149","ASV244",25,0.00551079564867576,"Archaeosporaceae","Soil",13143
"Soil.150","ASV251",15,0.00330647738920545,"Glomeromycotina","Soil",13143
"Soil.151","ASV259",55,0.0121237504270867,"Archaeosporaceae","Soil",13143
"Soil.152","ASV260",19,0.00418820469299357,"Archaeosporaceae","Soil",13143
"Soil.153","ASV264",62,0.0136667732087159,"Archaeosporaceae","Soil",13143
"Soil.154","ASV267",5,0.00110215912973515,"Glomeraceae","Soil",13143
"Soil.155","ASV277",6,0.00132259095568218,"Glomeraceae","Soil",13143
"Soil.156","ASV280",8,0.00176345460757624,"Glomeraceae","Soil",13143
"Soil.157","ASV283",7,0.00154302278162921,"Glomeraceae","Soil",13143
"Soil.158","ASV286",2,0.00044086365189406,"Paraglomeraceae","Soil",13143
"Soil.159","ASV293",1,0.00022043182594703,"Glomeraceae","Soil",13143
"Soil.160","ASV324",2,0.00044086365189406,"Archaeosporaceae","Soil",13143
"Soil.161","ASV349",30,0.00661295477841091,"Glomeromycotina","Soil",13143
"Soil.162","ASV352",722,0.159151778333756,"Glomeromycotina","Soil",13143
"Soil.163","ASV36",13,0.00286561373731139,"Glomeromycotina","Soil",13143
"Soil.164","ASV367",26,0.00573122747462279,"Glomeromycotina","Soil",13143
"Soil.165","ASV369",197,0.043425069711565,"Glomeromycotina","Soil",13143
"Soil.166","ASV371",34,0.00749468208219903,"Glomeromycotina","Soil",13143
"Soil.167","ASV379",549,0.12101707244492,"Glomeromycotina","Soil",13143
"Soil.168","ASV390",75,0.0165323869460273,"Glomeromycotina","Soil",13143
"Soil.169","ASV391",56,0.0123441822530337,"Glomeromycotina","Soil",13143
"Soil.170","ASV405",1,0.00022043182594703,"Glomeromycotina","Soil",13143
"Soil.171","ASV406",76,0.0167528187719743,"Glomeromycotina","Soil",13143
"Soil.172","ASV44",24,0.00529036382272873,"Glomeromycotina","Soil",13143
"Soil.173","ASV443",60,0.0132259095568218,"Glomeromycotina","Soil",13143
"Soil.174","ASV448",93,0.0205001598130738,"Glomeromycotina","Soil",13143
"Soil.175","ASV449",7,0.00154302278162921,"Glomeromycotina","Soil",13143
"Soil.176","ASV470",20,0.0044086365189406,"Glomeromycotina","Soil",13143
"Soil.177","ASV490",2,0.00044086365189406,"Paraglomeraceae","Soil",13143
"Soil.178","ASV493",16,0.00352690921515248,"Glomeraceae","Soil",13143
"Soil.179","ASV494",10,0.0022043182594703,"Glomeraceae","Soil",13143
"Soil.180","ASV511",6,0.00132259095568218,"Glomeraceae","Soil",13143
"Soil.181","ASV574",8,0.00176345460757624,"Claroideoglomeraceae","Soil",13143
"Soil.182","ASV576",11,0.00242475008541733,"Glomeromycotina","Soil",13143
"Soil.183","ASV577",15,0.00330647738920545,"Glomeromycotina","Soil",13143
"Soil.184","ASV58",2,0.00044086365189406,"Glomeraceae","Soil",13143
"Soil.185","ASV580",8,0.00176345460757624,"Glomeraceae","Soil",13143
"Soil.186","ASV581",17,0.00374734104109951,"Claroideoglomeraceae","Soil",13143
"Soil.187","ASV591",4,0.000881727303788121,"Glomeromycotina","Soil",13143
"Soil.188","ASV596",23,0.0050699319967817,"Archaeosporaceae","Soil",13143
"Soil.189","ASV601",10,0.0022043182594703,"Archaeosporaceae","Soil",13143
"Soil.190","ASV612",6,0.00132259095568218,"Paraglomeraceae","Soil",13143
"Soil.191","ASV614",10,0.0022043182594703,"Paraglomeraceae","Soil",13143
"Soil.192","ASV617",11,0.00242475008541733,"Paraglomeraceae","Soil",13143
"Soil.193","ASV620",46,0.0101398639935634,"Glomeraceae","Soil",13143
"Soil.194","ASV623",5,0.00110215912973515,"Glomeraceae","Soil",13143
"Soil.195","ASV631",6,0.00132259095568218,"Glomeraceae","Soil",13143
"Soil.196","ASV633",7,0.00154302278162921,"Archaeosporaceae","Soil",13143
"Soil.197","ASV639",13,0.00286561373731139,"Archaeosporaceae","Soil",13143
"Soil.198","ASV640",47,0.0103602958195104,"Paraglomeraceae","Soil",13143
"Soil.199","ASV65",26,0.00573122747462279,"Paraglomeraceae","Soil",13143
"Soil.200","ASV652",5,0.00110215912973515,"Paraglomeraceae","Soil",13143
"Soil.201","ASV655",3,0.000661295477841091,"Archaeosporaceae","Soil",13143
"Soil.202","ASV66",10,0.0022043182594703,"Paraglomeraceae","Soil",13143
"Soil.203","ASV660",17,0.00374734104109951,"Archaeosporaceae","Soil",13143
"Soil.204","ASV661",8,0.00176345460757624,"Archaeosporaceae","Soil",13143
"Soil.205","ASV668",4,0.000881727303788121,"Archaeosporaceae","Soil",13143
"Soil.206","ASV674",24,0.00529036382272873,"Claroideoglomeraceae","Soil",13143
"Soil.207","ASV687",9,0.00198388643352327,"Ambisporaceae","Soil",13143
"Soil.208","ASV688",49,0.0108011594714045,"Ambisporaceae","Soil",13143
"Soil.209","ASV689",84,0.0185162733795505,"Paraglomeraceae","Soil",13143
"Soil.210","ASV690",29,0.00639252295246388,"Ambisporaceae","Soil",13143
"Soil.211","ASV691",44,0.00969900034166933,"Paraglomeraceae","Soil",13143
"Soil.212","ASV692",19,0.00418820469299357,"Ambisporaceae","Soil",13143
"Soil.213","ASV716",41,0.00903770486382824,"Ambisporaceae","Soil",13143
"Soil.214","ASV729",63,0.0138872050346629,"Ambisporaceae","Soil",13143
"Soil.215","ASV756",14,0.00308604556325842,"Ambisporaceae","Soil",13143
"Soil.216","ASV766",30,0.00661295477841091,"Ambisporaceae","Soil",13143
"Soil.217","ASV77",13,0.00286561373731139,"Glomeraceae","Soil",13143
"Soil.218","ASV774",7,0.00154302278162921,"Paraglomeraceae","Soil",13143
"Soil.219","ASV80",5,0.00110215912973515,"Glomeraceae","Soil",13143
"Soil.220","ASV804",12,0.00264518191136436,"Paraglomeraceae","Soil",13143
"Soil.221","ASV811",4,0.000881727303788121,"Paraglomeraceae","Soil",13143
"Soil.222","ASV83",361,0.0795758891668779,"Paraglomeraceae","Soil",13143
"Soil.223","ASV844",2,0.00044086365189406,"Paraglomeraceae","Soil",13143
"Soil.224","ASV85",184,0.0405594559742536,"Glomeraceae","Soil",13143
"Soil.225","ASV855",2,0.00044086365189406,"Ambisporaceae","Soil",13143
"Soil.226","ASV867",26,0.00573122747462279,"Paraglomeraceae","Soil",13143
"Soil.227","ASV869",16,0.00352690921515248,"Ambisporaceae","Soil",13143
"Soil.228","ASV87",7,0.00154302278162921,"Paraglomeraceae","Soil",13143
"Soil.229","ASV872",23,0.0050699319967817,"Ambisporaceae","Soil",13143
"Soil.230","ASV875",52,0.0114624549492456,"Archaeosporaceae","Soil",13143
"Soil.231","ASV91",5,0.00110215912973515,"Paraglomeraceae","Soil",13143
"Soil.232","ASV93",30,0.00661295477841091,"Paraglomeraceae","Soil",13143
"Soil.233","ASV946",26,0.00573122747462279,"Claroideoglomeraceae","Soil",13143
"Soil.234","ASV947",6,0.00132259095568218,"Claroideoglomeraceae","Soil",13143
"Soil.235","ASV95",6,0.00132259095568218,"Glomeraceae","Soil",13143
"Soil.236","ASV956",67,0.014768932338451,"Claroideoglomeraceae","Soil",13143
"Soil.237","ASV958",959,0.211394121083202,"Claroideoglomeraceae","Soil",13143
"Soil.238","ASV96",47,0.0103602958195104,"Glomeraceae","Soil",13143
"Soil.239","ASV967",8,0.00176345460757624,"Claroideoglomeraceae","Soil",13143
"Soil.240","ASV968",8,0.00176345460757624,"Claroideoglomeraceae","Soil",13143
"Soil.241","ASV981",11,0.00242475008541733,"Claroideoglomeraceae","Soil",13143
"Soil.242","ASV990",16,0.00352690921515248,"Claroideoglomeraceae","Soil",13143
"Soil.243","ASV992",221,0.0487154335342937,"Claroideoglomeraceae","Soil",13143
